연령군,성별,연령구간,항목코드,항목,n,p5,p10,p25,p50,p75,p90,p95,평균,표준편차
성인,F,19~24,item_f018,BMI,7014,17.4,18.0,19.1,20.8,22.9,25.7,27.7,21.42,3.26
성인,F,25~29,item_f018,BMI,2817,17.6,18.1,19.1,20.5,22.4,24.8,26.9,21.14,2.99
성인,F,30~34,item_f018,BMI,1580,17.9,18.8,20.0,21.7,24.1,27.0,29.1,22.38,3.51
성인,F,35~39,item_f018,BMI,1763,18.5,19.1,20.3,22.0,24.2,26.88,28.9,22.59,3.26
성인,F,40~44,item_f018,BMI,2036,18.7,19.5,20.7,22.4,24.73,27.1,28.9,22.94,3.2
성인,F,45~49,item_f018,BMI,2228,19.0,19.8,21.2,23.0,25.3,27.8,29.6,23.46,3.26
성인,F,50~54,item_f018,BMI,2655,19.2,20.1,21.4,23.1,25.2,27.4,29.0,23.49,3.01
성인,F,55~59,item_f018,BMI,3075,19.5,20.3,21.8,23.4,25.4,27.8,29.43,23.79,3.03
성인,F,60~64,item_f018,BMI,3257,19.6,20.4,22.0,23.7,25.7,27.8,29.0,23.97,2.93
성인,F,19~24,item_f019,교차윗몸일으키기,6960,8.0,13.0,22.0,30.0,38.0,46.0,51.0,29.88,12.63
성인,F,25~29,item_f019,교차윗몸일으키기,2774,10.0,14.0,21.0,29.0,36.0,42.0,47.0,28.46,10.98
성인,F,30~34,item_f019,교차윗몸일으키기,1531,6.0,11.0,19.0,27.0,35.0,41.0,45.0,26.59,11.71
성인,F,35~39,item_f019,교차윗몸일으키기,1729,7.0,11.0,19.0,26.0,33.0,40.0,44.0,25.82,11.22
성인,F,40~44,item_f019,교차윗몸일으키기,1992,5.0,10.0,18.0,25.0,32.0,39.0,43.0,24.69,11.03
성인,F,45~49,item_f019,교차윗몸일으키기,2170,3.0,7.0,15.0,23.0,30.0,37.0,41.0,22.63,11.18
성인,F,50~54,item_f019,교차윗몸일으키기,2595,1.0,3.0,10.0,18.0,26.0,34.0,38.0,18.63,11.21
성인,F,55~59,item_f019,교차윗몸일으키기,2990,0.0,1.0,7.0,15.0,23.0,30.0,34.0,15.65,10.65
성인,F,60~64,item_f019,교차윗몸일으키기,3144,0.0,0.0,5.0,12.0,19.0,26.0,31.0,12.65,9.78
성인,F,19~24,item_f020,반복점프,3587,10.0,13.0,17.0,23.0,31.0,39.0,44.0,24.86,11.38
성인,F,25~29,item_f020,반복점프,1090,9.0,12.0,16.0,22.0,28.0,33.0,38.0,22.49,9.54
성인,F,30~34,item_f020,반복점프,682,7.0,9.1,14.0,20.0,26.0,33.0,38.0,20.71,10.37
성인,F,35~39,item_f020,반복점프,928,7.35,10.0,13.0,18.0,25.0,33.0,40.0,20.09,9.96
성인,F,40~44,item_f020,반복점프,1028,6.0,8.0,12.0,17.0,24.0,31.0,38.0,18.63,10.29
성인,F,45~49,item_f020,반복점프,1136,5.0,8.0,11.0,16.0,22.0,30.0,34.0,17.37,9.6
성인,F,50~54,item_f020,반복점프,1307,4.0,7.0,10.0,14.0,20.0,25.4,30.0,15.15,8.2
성인,F,55~59,item_f020,반복점프,1582,3.0,6.0,9.0,12.0,17.0,23.0,27.0,13.66,7.82
성인,F,60~64,item_f020,반복점프,1629,2.0,5.0,8.0,10.0,14.0,19.0,23.0,11.41,7.05
성인,F,19~24,item_f028,상대악력,7013,33.9,37.1,42.3,47.7,53.4,58.4,61.7,47.81,8.51
성인,F,25~29,item_f028,상대악력,2817,34.4,37.8,42.9,48.3,53.6,59.2,62.62,48.37,8.65
성인,F,30~34,item_f028,상대악력,1578,31.1,35.0,40.4,46.9,52.8,58.5,61.81,46.7,9.52
성인,F,35~39,item_f028,상대악력,1763,32.51,35.6,40.8,46.4,52.6,57.5,61.0,46.62,8.84
성인,F,40~44,item_f028,상대악력,2036,32.2,35.1,40.0,46.0,52.1,57.6,60.55,46.09,8.81
성인,F,45~49,item_f028,상대악력,2226,30.7,33.9,39.0,44.7,50.5,55.9,59.1,44.81,8.81
성인,F,50~54,item_f028,상대악력,2652,30.7,33.9,38.6,43.95,49.32,54.5,57.7,44.03,8.3
성인,F,55~59,item_f028,상대악력,3072,30.3,33.0,37.8,43.0,48.4,53.2,56.4,43.13,8.06
성인,F,60~64,item_f028,상대악력,3251,29.7,32.6,37.1,42.0,47.4,52.3,55.2,42.34,7.81
성인,F,19~24,item_f001,신장,7014,154.2,156.3,159.5,163.1,166.57,169.7,171.4,162.98,5.31
성인,F,25~29,item_f001,신장,2817,154.0,156.2,159.7,163.3,166.8,170.0,172.0,163.2,5.48
성인,F,30~34,item_f001,신장,1580,153.0,155.09,158.0,161.9,165.4,169.1,170.91,161.81,5.74
성인,F,35~39,item_f001,신장,1763,152.62,154.92,157.7,161.4,164.8,168.18,170.0,161.37,5.43
성인,F,40~44,item_f001,신장,2036,152.0,154.0,157.1,160.2,163.7,167.0,169.0,160.4,5.31
성인,F,45~49,item_f001,신장,2228,150.44,152.5,155.88,159.3,162.62,165.9,167.9,159.19,5.38
성인,F,50~54,item_f001,신장,2655,149.9,151.8,154.6,158.0,161.4,164.66,166.5,158.05,5.2
성인,F,55~59,item_f001,신장,3075,148.5,150.4,153.4,156.9,160.0,163.1,164.9,156.74,5.08
성인,F,60~64,item_f001,신장,3257,147.88,149.6,152.2,155.6,159.0,162.2,164.0,155.72,5.01
성인,F,19~24,item_f008,악력(우),7013,18.7,20.3,23.2,26.3,29.7,32.7,34.9,26.5,5.06
성인,F,25~29,item_f008,악력(우),2816,19.0,20.7,23.4,26.4,29.6,32.8,34.9,26.57,4.94
성인,F,30~34,item_f008,악력(우),1577,17.98,20.0,23.0,26.4,29.9,33.3,35.34,26.5,5.32
성인,F,35~39,item_f008,악력(우),1762,18.9,20.5,23.5,26.6,29.6,32.79,34.79,26.64,5.01
성인,F,40~44,item_f008,악력(우),2036,18.3,20.1,23.1,26.4,29.6,32.8,34.4,26.38,4.97
성인,F,45~49,item_f008,악력(우),2224,17.52,19.63,22.6,25.9,29.0,31.8,33.68,25.77,5.0
성인,F,50~54,item_f008,악력(우),2651,16.95,19.0,21.9,25.1,28.15,30.7,32.4,24.96,4.78
성인,F,55~59,item_f008,악력(우),3071,17.1,18.8,21.5,24.5,27.4,30.0,31.5,24.4,4.55
성인,F,60~64,item_f008,악력(우),3246,16.7,18.35,20.9,23.8,26.6,29.3,31.1,23.8,4.5
성인,F,19~24,item_f007,악력(좌),7013,17.1,18.82,21.4,24.5,27.6,30.6,32.7,24.62,4.8
성인,F,25~29,item_f007,악력(좌),2816,17.4,19.1,21.6,24.5,27.8,30.75,33.0,24.79,4.81
성인,F,30~34,item_f007,악력(좌),1578,16.7,18.4,21.4,24.8,28.4,31.7,33.3,24.89,5.29
성인,F,35~39,item_f007,악력(좌),1762,17.5,19.3,21.9,25.0,28.0,30.7,33.0,25.04,4.83
성인,F,40~44,item_f007,악력(좌),2035,17.1,19.14,21.9,25.0,27.9,30.7,32.5,24.93,4.68
성인,F,45~49,item_f007,악력(좌),2225,16.7,18.6,21.4,24.4,27.4,30.1,31.6,24.37,4.78
성인,F,50~54,item_f007,악력(좌),2652,16.1,18.0,20.8,23.8,26.8,29.3,30.9,23.76,4.7
성인,F,55~59,item_f007,악력(좌),3069,16.4,18.0,20.3,23.2,25.8,28.5,30.2,23.16,4.37
성인,F,60~64,item_f007,악력(좌),3249,15.7,17.5,19.9,22.6,25.2,28.0,30.0,22.65,4.33
성인,F,19~24,item_f012,앉아윗몸앞으로굽히기,6971,-0.3,4.1,10.9,16.6,21.7,25.7,27.85,15.59,8.69
성인,F,25~29,item_f012,앉아윗몸앞으로굽히기,2777,0.0,4.66,11.0,16.8,21.5,25.4,27.4,15.63,8.51
성인,F,30~34,item_f012,앉아윗몸앞으로굽히기,1532,-2.75,2.3,8.9,15.3,20.5,24.4,27.0,14.15,9.1
성인,F,35~39,item_f012,앉아윗몸앞으로굽히기,1729,-0.92,3.1,9.9,15.7,20.6,24.3,26.26,14.53,8.53
성인,F,40~44,item_f012,앉아윗몸앞으로굽히기,1994,-0.67,3.0,9.22,15.0,20.3,24.1,26.3,14.15,8.42
성인,F,45~49,item_f012,앉아윗몸앞으로굽히기,2175,0.0,3.5,9.4,15.1,20.0,23.7,26.1,14.26,8.12
성인,F,50~54,item_f012,앉아윗몸앞으로굽히기,2612,1.2,4.5,10.2,15.5,20.11,23.4,25.4,14.68,7.65
성인,F,55~59,item_f012,앉아윗몸앞으로굽히기,3008,2.8,6.2,11.3,16.5,20.8,24.1,26.1,15.67,7.28
성인,F,60~64,item_f012,앉아윗몸앞으로굽히기,3180,2.6,6.1,11.4,16.4,20.9,24.3,26.0,15.61,7.47
성인,F,19~24,item_f021,왕복오래달리기,3559,10.79,11.22,11.97,12.8,13.72,14.83,15.78,13.0,1.72
성인,F,25~29,item_f021,왕복오래달리기,1308,11.11,11.56,12.21,12.91,13.81,14.84,15.61,13.09,1.85
성인,F,30~34,item_f021,왕복오래달리기,822,11.3,11.89,12.6,13.44,14.46,15.63,16.62,13.6,2.1
성인,F,35~39,item_f021,왕복오래달리기,1163,11.57,12.04,12.69,13.45,14.48,15.61,16.4,13.61,1.74
성인,F,40~44,item_f021,왕복오래달리기,1342,11.85,12.28,12.9,13.75,14.67,15.81,16.65,13.89,1.86
성인,F,45~49,item_f021,왕복오래달리기,1476,11.92,12.4,13.2,14.1,15.15,16.41,17.38,14.23,2.29
성인,F,50~54,item_f021,왕복오래달리기,1609,12.4,12.81,13.5,14.36,15.51,16.97,18.1,14.59,2.39
성인,F,55~59,item_f021,왕복오래달리기,1948,12.71,13.22,14.1,15.06,16.31,17.9,19.22,15.26,2.62
성인,F,60~64,item_f021,왕복오래달리기,2060,13.25,13.86,14.78,15.9,17.29,19.22,21.07,16.16,2.83
성인,F,19~24,item_f022,제자리멀리뛰기,5712,115.0,123.0,139.0,158.0,173.0,186.0,195.0,156.05,25.45
성인,F,25~29,item_f022,제자리멀리뛰기,2105,114.0,125.0,139.0,155.0,169.0,181.0,189.0,153.28,24.22
성인,F,30~34,item_f022,제자리멀리뛰기,1166,105.0,114.5,130.0,147.0,163.0,176.0,184.75,145.73,26.21
성인,F,35~39,item_f022,제자리멀리뛰기,1452,110.0,119.0,132.0,148.0,162.0,174.0,181.0,146.57,23.16
성인,F,40~44,item_f022,제자리멀리뛰기,1716,106.0,115.0,130.0,145.0,160.0,170.0,178.0,143.46,23.31
성인,F,45~49,item_f022,제자리멀리뛰기,1856,100.0,110.0,124.0,140.0,155.0,167.0,174.0,138.61,24.48
성인,F,50~54,item_f022,제자리멀리뛰기,2183,89.0,101.0,117.5,134.0,148.0,160.0,165.0,131.06,24.5
성인,F,55~59,item_f022,제자리멀리뛰기,2606,75.0,90.0,108.0,124.0,140.0,151.0,159.0,121.95,25.06
성인,F,60~64,item_f022,제자리멀리뛰기,2708,64.35,78.0,98.0,114.0,130.0,144.0,152.0,112.72,25.71
성인,F,19~24,item_f002,체중,7014,45.58,47.2,50.9,55.3,61.0,68.37,74.2,56.93,9.14
성인,F,25~29,item_f002,체중,2817,45.7,47.7,50.8,54.8,60.0,66.69,72.02,56.32,8.4
성인,F,30~34,item_f002,체중,1580,46.1,48.0,51.88,57.0,63.1,71.51,77.8,58.68,10.09
성인,F,35~39,item_f002,체중,1763,46.91,48.9,52.3,57.6,63.55,71.2,76.59,58.87,9.2
성인,F,40~44,item_f002,체중,2036,47.3,49.67,53.18,57.8,63.8,70.5,75.0,59.07,8.71
성인,F,45~49,item_f002,체중,2228,47.4,49.8,53.5,58.36,64.5,70.64,75.5,59.45,8.61
성인,F,50~54,item_f002,체중,2655,47.4,49.6,53.2,57.8,63.48,68.86,73.3,58.7,8.08
성인,F,55~59,item_f002,체중,3075,47.3,49.4,53.1,57.5,62.7,68.3,72.83,58.45,7.88
성인,F,60~64,item_f002,체중,3257,46.79,49.01,53.02,57.5,62.7,67.8,71.5,58.13,7.57
성인,F,19~24,item_f003,체지방률,7000,19.1,21.2,24.7,28.8,33.1,37.1,39.7,28.94,6.33
성인,F,25~29,item_f003,체지방률,2808,19.2,21.0,24.0,27.8,32.0,36.1,39.0,28.21,6.11
성인,F,30~34,item_f003,체지방률,1560,18.9,20.9,24.8,29.0,34.0,38.4,41.9,29.52,6.96
성인,F,35~39,item_f003,체지방률,1750,18.64,20.6,24.8,29.4,34.0,37.91,40.55,29.38,6.71
성인,F,40~44,item_f003,체지방률,2026,19.62,21.6,25.6,30.1,34.5,38.4,40.3,29.97,6.54
성인,F,45~49,item_f003,체지방률,2202,20.2,22.5,26.52,31.1,35.3,39.1,41.69,30.95,6.5
성인,F,50~54,item_f003,체지방률,2641,21.73,23.9,27.8,32.0,35.7,39.2,41.5,31.74,6.0
성인,F,55~59,item_f003,체지방률,3051,22.1,25.0,28.7,32.8,36.55,40.1,42.45,32.55,6.16
성인,F,60~64,item_f003,체지방률,3229,22.9,25.3,29.4,33.5,37.1,40.5,42.86,33.15,6.07
성인,M,19~24,item_f018,BMI,11249,19.2,20.2,21.8,23.6,25.8,28.5,30.3,24.05,3.37
성인,M,25~29,item_f018,BMI,4305,20.3,21.3,22.8,24.5,26.7,29.3,31.3,24.98,3.29
성인,M,30~34,item_f018,BMI,3109,20.9,21.9,23.4,25.2,27.4,29.9,31.6,25.59,3.25
성인,M,35~39,item_f018,BMI,2386,21.1,22.05,23.6,25.4,27.6,29.9,31.68,25.73,3.26
성인,M,40~44,item_f018,BMI,2073,20.8,22.0,23.5,25.3,27.5,29.8,31.24,25.63,3.18
성인,M,45~49,item_f018,BMI,1898,20.9,21.9,23.5,25.2,27.2,29.1,30.41,25.37,2.92
성인,M,50~54,item_f018,BMI,1740,20.8,21.9,23.5,25.1,27.0,28.91,30.4,25.3,2.85
성인,M,55~59,item_f018,BMI,1762,20.9,21.8,23.2,24.9,26.7,28.5,29.79,25.01,2.73
성인,M,60~64,item_f018,BMI,2735,20.5,21.4,23.0,24.7,26.4,28.0,29.2,24.73,2.66
성인,M,19~24,item_f019,교차윗몸일으키기,11166,25.0,30.0,38.0,46.0,54.0,60.0,63.0,45.2,11.68
성인,M,25~29,item_f019,교차윗몸일으키기,4260,25.0,30.0,37.0,45.0,52.0,58.0,61.0,44.22,11.51
성인,M,30~34,item_f019,교차윗몸일으키기,3053,24.0,28.0,35.0,44.0,50.0,57.0,60.0,42.66,11.31
성인,M,35~39,item_f019,교차윗몸일으키기,2342,20.0,26.0,33.0,40.0,47.0,54.0,58.0,40.04,11.59
성인,M,40~44,item_f019,교차윗몸일으키기,2028,18.0,24.0,32.0,39.0,45.0,52.0,56.0,38.14,11.46
성인,M,45~49,item_f019,교차윗몸일으키기,1853,17.6,22.0,29.0,36.0,43.0,49.0,52.0,35.5,10.85
성인,M,50~54,item_f019,교차윗몸일으키기,1701,15.0,20.0,26.0,33.0,40.0,46.0,50.0,32.69,10.84
성인,M,55~59,item_f019,교차윗몸일으키기,1723,11.0,16.0,22.0,30.0,36.0,42.0,46.0,29.26,10.82
성인,M,60~64,item_f019,교차윗몸일으키기,2684,10.0,14.0,20.0,27.0,34.0,40.0,43.0,27.0,10.22
성인,M,19~24,item_f020,반복점프,6979,16.0,23.0,34.0,47.0,62.0,71.0,80.0,47.82,19.47
성인,M,25~29,item_f020,반복점프,2159,15.0,22.0,32.0,43.0,54.0,63.0,72.0,42.91,17.41
성인,M,30~34,item_f020,반복점프,1189,11.0,19.0,29.0,40.0,50.0,60.0,67.0,39.22,16.6
성인,M,35~39,item_f020,반복점프,907,11.0,17.0,26.0,36.0,46.0,56.0,63.0,36.54,16.28
성인,M,40~44,item_f020,반복점프,832,10.0,15.0,23.75,33.0,44.0,54.0,62.0,34.29,15.89
성인,M,45~49,item_f020,반복점프,768,8.0,14.0,22.0,30.0,40.0,50.0,56.65,31.06,14.47
성인,M,50~54,item_f020,반복점프,686,5.0,12.0,18.0,25.0,35.0,44.0,51.0,26.87,13.91
성인,M,55~59,item_f020,반복점프,804,7.0,11.0,16.0,22.0,32.0,42.0,48.0,24.65,12.83
성인,M,60~64,item_f020,반복점프,1098,7.0,10.0,14.0,19.0,25.0,31.0,35.0,19.68,9.34
성인,M,19~24,item_f028,상대악력,11248,43.9,47.8,54.1,61.1,68.0,74.3,78.1,61.0,10.4
성인,M,25~29,item_f028,상대악력,4305,43.9,48.3,54.5,61.5,68.0,74.2,78.28,61.13,10.47
성인,M,30~34,item_f028,상대악력,3105,44.0,48.1,54.4,60.7,67.7,73.96,77.4,60.78,10.36
성인,M,35~39,item_f028,상대악력,2386,43.42,47.45,53.9,60.4,67.17,73.4,77.85,60.45,10.32
성인,M,40~44,item_f028,상대악력,2073,43.88,48.2,53.8,60.2,67.3,74.0,78.04,60.51,10.34
성인,M,45~49,item_f028,상대악력,1898,43.77,47.87,53.5,60.1,66.2,72.3,76.11,59.83,9.75
성인,M,50~54,item_f028,상대악력,1740,43.3,46.8,52.7,59.0,65.1,70.01,73.2,58.72,9.36
성인,M,55~59,item_f028,상대악력,1761,42.9,46.3,51.8,58.0,64.4,69.4,72.8,57.91,9.29
성인,M,60~64,item_f028,상대악력,2735,42.9,46.3,51.7,57.6,63.5,69.26,72.73,57.68,9.15
성인,M,19~24,item_f001,신장,11249,165.6,167.6,170.9,174.7,178.5,182.0,184.1,174.68,5.65
성인,M,25~29,item_f001,신장,4305,165.82,167.7,171.0,174.6,178.6,181.8,183.9,174.7,5.5
성인,M,30~34,item_f001,신장,3109,165.5,167.6,170.7,174.4,178.4,181.9,184.0,174.57,5.54
성인,M,35~39,item_f001,신장,2386,165.2,167.25,170.4,174.3,178.6,182.0,184.0,174.46,5.75
성인,M,40~44,item_f001,신장,2073,164.3,166.7,170.0,173.8,177.6,180.8,183.0,173.64,5.63
성인,M,45~49,item_f001,신장,1898,163.2,165.5,169.0,172.2,176.0,179.2,181.3,172.32,5.53
성인,M,50~54,item_f001,신장,1740,162.19,164.4,167.7,171.45,174.8,178.0,180.1,171.22,5.51
성인,M,55~59,item_f001,신장,1762,160.6,162.2,165.7,169.6,173.2,176.6,178.4,169.49,5.66
성인,M,60~64,item_f001,신장,2735,159.0,161.1,164.5,168.4,171.9,175.4,177.33,168.21,5.61
성인,M,19~24,item_f008,악력(우),11246,31.4,34.3,38.7,43.4,48.4,53.1,56.1,43.51,7.51
성인,M,25~29,item_f008,악력(우),4302,32.7,35.8,40.3,45.6,50.7,55.4,58.3,45.4,7.82
성인,M,30~34,item_f008,악력(우),3104,33.2,36.9,41.3,46.2,51.0,55.8,59.0,46.04,7.72
성인,M,35~39,item_f008,악력(우),2383,32.91,36.1,41.3,46.2,51.5,56.4,59.2,46.08,7.86
성인,M,40~44,item_f008,악력(우),2073,33.36,36.12,40.6,45.4,50.7,55.5,58.04,45.48,7.61
성인,M,45~49,item_f008,악력(우),1897,31.6,35.0,39.8,44.3,48.5,53.04,55.5,43.97,7.24
성인,M,50~54,item_f008,악력(우),1740,31.4,33.8,38.2,42.5,46.9,50.8,53.3,42.43,6.97
성인,M,55~59,item_f008,악력(우),1760,29.89,32.3,36.2,40.4,45.1,48.8,51.1,40.53,6.72
성인,M,60~64,item_f008,악력(우),2732,28.4,31.1,35.2,39.4,43.8,47.6,50.04,39.34,6.63
성인,M,19~24,item_f007,악력(좌),11245,29.7,32.1,36.2,40.9,45.4,50.0,53.1,40.89,7.08
성인,M,25~29,item_f007,악력(좌),4302,30.5,33.4,38.0,42.9,48.1,52.4,55.4,42.82,7.62
성인,M,30~34,item_f007,악력(좌),3102,31.6,34.4,39.2,44.0,48.7,53.0,56.4,43.74,7.42
성인,M,35~39,item_f007,악력(좌),2386,31.0,34.3,38.8,43.7,48.48,53.2,55.88,43.57,7.41
성인,M,40~44,item_f007,악력(좌),2070,30.99,33.9,38.6,43.2,48.0,52.4,54.9,43.1,7.37
성인,M,45~49,item_f007,악력(좌),1897,30.0,33.1,37.4,42.0,46.3,50.54,52.72,41.78,6.99
성인,M,50~54,item_f007,악력(좌),1738,29.4,32.5,36.1,40.5,44.6,48.7,51.11,40.36,6.71
성인,M,55~59,item_f007,악력(좌),1758,27.88,30.27,34.3,38.7,43.1,46.93,49.3,38.53,6.93
성인,M,60~64,item_f007,악력(좌),2734,27.4,29.9,33.62,37.7,41.6,45.5,47.7,37.53,6.31
성인,M,19~24,item_f012,앉아윗몸앞으로굽히기,11176,-7.62,-2.7,4.5,11.0,16.9,21.1,23.7,10.06,9.34
성인,M,25~29,item_f012,앉아윗몸앞으로굽히기,4261,-8.3,-3.9,3.9,10.3,15.9,20.0,22.3,9.21,9.28
성인,M,30~34,item_f012,앉아윗몸앞으로굽히기,3056,-10.0,-5.0,3.7,10.2,15.5,19.7,22.3,8.83,9.54
성인,M,35~39,item_f012,앉아윗몸앞으로굽히기,2349,-9.7,-5.0,2.9,9.5,15.0,19.02,21.36,8.39,9.29
성인,M,40~44,item_f012,앉아윗몸앞으로굽히기,2036,-7.9,-3.8,3.68,9.55,15.3,19.4,22.0,8.82,8.91
성인,M,45~49,item_f012,앉아윗몸앞으로굽히기,1856,-7.7,-3.4,3.5,9.1,14.43,18.9,21.5,8.43,8.64
성인,M,50~54,item_f012,앉아윗몸앞으로굽히기,1706,-7.0,-3.0,3.7,9.8,14.6,18.6,21.0,8.72,8.46
성인,M,55~59,item_f012,앉아윗몸앞으로굽히기,1728,-7.96,-4.0,3.38,9.15,14.5,19.0,20.93,8.33,8.68
성인,M,60~64,item_f012,앉아윗몸앞으로굽히기,2688,-5.5,-1.7,4.2,9.45,14.6,18.3,20.8,8.86,8.06
성인,M,19~24,item_f021,왕복오래달리기,6434,9.17,9.42,9.9,10.51,11.25,12.2,13.04,10.77,1.57
성인,M,25~29,item_f021,왕복오래달리기,2303,9.44,9.72,10.13,10.72,11.48,12.47,13.45,10.99,1.56
성인,M,30~34,item_f021,왕복오래달리기,1329,9.61,9.84,10.36,10.97,11.83,12.97,13.9,11.28,1.85
성인,M,35~39,item_f021,왕복오래달리기,1083,9.86,10.12,10.57,11.18,12.01,13.07,14.02,11.43,1.71
성인,M,40~44,item_f021,왕복오래달리기,949,10.0,10.24,10.78,11.44,12.4,13.5,14.38,11.72,1.93
성인,M,45~49,item_f021,왕복오래달리기,893,10.39,10.63,11.11,11.76,12.79,14.18,15.09,12.06,2.08
성인,M,50~54,item_f021,왕복오래달리기,805,10.49,10.79,11.36,12.15,13.23,14.34,15.22,12.3,2.25
성인,M,55~59,item_f021,왕복오래달리기,890,10.91,11.24,11.84,12.68,13.72,15.0,16.13,12.93,2.14
성인,M,60~64,item_f021,왕복오래달리기,1281,11.44,11.79,12.4,13.2,14.47,15.86,17.2,13.62,2.21
성인,M,19~24,item_f022,제자리멀리뛰기,9408,167.0,180.0,200.0,218.0,234.0,249.0,257.0,214.83,29.31
성인,M,25~29,item_f022,제자리멀리뛰기,3474,165.0,178.0,197.0,215.0,230.0,244.0,251.0,211.67,29.06
성인,M,30~34,item_f022,제자리멀리뛰기,2376,165.0,176.0,195.0,213.0,227.0,240.0,248.0,209.23,28.98
성인,M,35~39,item_f022,제자리멀리뛰기,1884,163.0,175.0,191.0,210.0,224.0,235.7,242.0,205.85,26.78
성인,M,40~44,item_f022,제자리멀리뛰기,1638,155.0,168.7,187.0,205.0,219.0,230.0,239.0,200.32,29.05
성인,M,45~49,item_f022,제자리멀리뛰기,1541,150.0,163.0,180.0,197.0,210.0,220.0,227.0,192.37,27.67
성인,M,50~54,item_f022,제자리멀리뛰기,1372,145.55,157.0,173.0,188.0,201.0,212.0,219.0,184.44,27.62
성인,M,55~59,item_f022,제자리멀리뛰기,1456,127.0,148.0,164.0,178.0,192.0,204.5,212.0,175.59,26.42
성인,M,60~64,item_f022,제자리멀리뛰기,2245,119.2,135.0,156.0,170.0,184.0,195.0,202.0,167.11,26.24
성인,M,19~24,item_f002,체중,11249,57.1,60.2,65.5,72.2,80.0,88.9,94.88,73.52,11.52
성인,M,25~29,item_f002,체중,4305,60.5,63.4,68.7,75.0,82.5,90.9,97.08,76.32,11.07
성인,M,30~34,item_f002,체중,3109,61.7,65.1,70.6,76.9,84.6,93.0,98.93,78.11,11.07
성인,M,35~39,item_f002,체중,2386,62.02,65.35,70.83,77.5,84.7,92.8,99.2,78.43,11.19
성인,M,40~44,item_f002,체중,2073,60.66,64.0,70.0,76.5,84.1,91.86,97.5,77.45,11.07
성인,M,45~49,item_f002,체중,1898,60.59,63.6,69.1,75.0,81.4,88.4,92.81,75.43,10.03
성인,M,50~54,item_f002,체중,1740,59.4,62.6,67.7,73.4,80.0,87.3,92.2,74.29,9.85
성인,M,55~59,item_f002,체중,1762,57.61,60.76,65.61,71.3,77.9,83.8,87.49,71.94,9.14
성인,M,60~64,item_f002,체중,2735,55.9,59.3,64.1,69.8,75.9,81.2,85.2,70.08,8.96
성인,M,19~24,item_f003,체지방률,11236,9.6,11.2,14.3,18.5,23.4,28.8,31.9,19.35,6.86
성인,M,25~29,item_f003,체지방률,4298,11.3,13.1,16.6,20.7,25.4,30.7,33.41,21.34,6.75
성인,M,30~34,item_f003,체지방률,3096,12.2,14.2,18.1,22.4,26.6,31.5,34.3,22.6,6.65
성인,M,35~39,item_f003,체지방률,2378,13.2,15.4,18.8,23.0,27.4,31.8,34.2,23.26,6.38
성인,M,40~44,item_f003,체지방률,2064,12.82,15.2,18.9,22.6,27.0,31.5,33.78,23.0,6.28
성인,M,45~49,item_f003,체지방률,1889,13.44,15.9,19.6,23.4,27.2,30.82,33.16,23.42,5.97
성인,M,50~54,item_f003,체지방률,1729,14.2,16.8,19.9,23.5,27.3,30.9,33.1,23.64,5.62
성인,M,55~59,item_f003,체지방률,1752,14.3,16.3,19.9,23.7,27.3,30.9,33.2,23.69,5.7
성인,M,60~64,item_f003,체지방률,2715,14.67,16.9,20.4,24.3,27.9,31.6,33.7,24.21,5.82
성장기,F,11,item_f018,BMI,3202,14.7,15.4,16.8,18.8,21.7,24.7,26.6,19.6,3.71
성장기,F,12,item_f018,BMI,1564,15.42,16.2,17.7,19.6,22.3,25.7,27.6,20.36,3.81
성장기,F,13,item_f018,BMI,3724,16.0,16.83,18.3,20.2,22.8,25.9,28.08,20.92,3.74
성장기,F,14,item_f018,BMI,2681,16.6,17.4,18.8,20.8,23.3,26.3,28.8,21.46,3.76
성장기,F,15,item_f018,BMI,3856,17.1,17.9,19.3,21.1,23.8,27.2,30.3,21.98,3.97
성장기,F,16,item_f018,BMI,4311,17.5,18.3,19.7,21.7,24.2,27.6,30.5,22.39,3.91
성장기,F,17,item_f018,BMI,3917,17.6,18.3,19.7,21.6,24.2,27.7,30.3,22.42,3.9
성장기,F,18,item_f018,BMI,2012,17.76,18.5,20.0,22.0,24.6,27.8,29.74,22.66,3.83
성장기,F,11,item_f020,반복점프,3102,18.0,23.0,32.0,47.0,62.0,80.0,91.0,49.0,21.76
성장기,F,12,item_f020,반복점프,1427,13.0,17.0,26.0,44.0,61.0,80.0,91.7,45.93,23.39
성장기,F,13,item_f020,반복점프,3502,11.0,12.0,16.0,22.0,31.0,40.0,46.0,24.74,11.65
성장기,F,14,item_f020,반복점프,2411,10.0,12.0,17.0,22.0,31.0,40.0,45.0,24.5,10.92
성장기,F,15,item_f020,반복점프,3505,10.0,12.0,16.0,23.0,32.0,42.0,50.0,25.06,12.35
성장기,F,16,item_f020,반복점프,4017,9.0,12.0,16.0,23.0,32.0,42.0,50.0,25.05,12.54
성장기,F,17,item_f020,반복점프,3593,9.0,11.0,16.0,22.0,30.0,41.0,50.0,24.21,12.16
성장기,F,18,item_f020,반복점프,1582,8.0,11.0,15.0,21.0,30.0,40.0,45.0,23.41,12.11
성장기,F,11,item_f028,상대악력,3202,27.51,30.1,35.1,41.1,46.9,52.5,56.0,41.27,8.79
성장기,F,12,item_f028,상대악력,1564,28.2,31.6,37.0,42.9,49.3,54.3,57.4,43.05,9.01
성장기,F,13,item_f028,상대악력,3723,30.8,34.1,38.5,44.5,51.1,56.7,60.2,44.98,9.04
성장기,F,14,item_f028,상대악력,2681,30.0,33.5,39.0,45.2,51.3,57.3,61.0,45.31,9.33
성장기,F,15,item_f028,상대악력,3854,30.3,33.7,39.0,44.7,50.9,57.2,60.6,45.12,9.28
성장기,F,16,item_f028,상대악력,4310,31.0,33.8,39.2,45.4,51.5,57.2,61.05,45.56,9.36
성장기,F,17,item_f028,상대악력,3914,30.9,33.93,39.1,45.4,51.77,57.5,60.83,45.61,9.24
성장기,F,18,item_f028,상대악력,2012,30.96,34.1,40.2,46.1,52.4,57.7,61.8,46.29,9.49
성장기,F,11,item_f001,신장,3202,136.2,138.8,143.7,148.9,153.8,157.7,160.0,148.59,7.39
성장기,F,12,item_f001,신장,1564,145.9,147.9,151.6,155.75,159.6,163.17,165.38,155.66,5.99
성장기,F,13,item_f001,신장,3724,149.0,151.0,154.2,157.85,161.62,165.2,167.3,157.93,5.68
성장기,F,14,item_f001,신장,2681,151.4,153.3,156.1,159.6,163.1,167.0,168.9,159.85,5.38
성장기,F,15,item_f001,신장,3856,152.2,153.9,156.8,160.4,164.0,167.5,169.43,160.51,5.43
성장기,F,16,item_f001,신장,4311,152.0,154.0,157.0,160.7,164.3,167.7,169.5,160.72,5.33
성장기,F,17,item_f001,신장,3917,152.2,154.1,157.4,161.0,164.6,168.0,170.2,161.04,5.56
성장기,F,18,item_f001,신장,2012,152.66,154.5,157.7,161.35,165.3,168.59,170.8,161.52,5.54
성장기,F,11,item_f008,악력(우),3201,10.7,11.9,14.2,16.9,19.9,22.8,24.7,17.19,4.33
성장기,F,12,item_f008,악력(우),1562,13.31,14.7,17.3,20.3,23.5,26.2,28.29,20.46,4.63
성장기,F,13,item_f008,악력(우),3721,15.1,16.7,19.4,22.4,25.7,28.9,30.9,22.63,4.81
성장기,F,14,item_f008,악력(우),2677,16.1,17.7,20.5,23.6,27.2,30.4,32.3,23.9,5.05
성장기,F,15,item_f008,악력(우),3852,16.8,18.3,21.1,24.3,27.7,31.3,33.6,24.58,5.26
성장기,F,16,item_f008,악력(우),4306,17.3,19.0,22.0,25.2,28.5,32.0,34.0,25.36,5.18
성장기,F,17,item_f008,악력(우),3911,17.5,19.1,22.1,25.4,28.8,32.2,34.6,25.61,5.25
성장기,F,18,item_f008,악력(우),2010,17.45,19.5,22.9,26.35,30.1,33.3,35.6,26.52,5.54
성장기,F,11,item_f007,악력(좌),3200,9.8,11.0,13.1,15.7,18.5,21.01,23.1,15.92,4.05
성장기,F,12,item_f007,악력(좌),1564,12.2,13.5,15.9,18.6,21.7,24.37,26.0,18.81,4.28
성장기,F,13,item_f007,악력(좌),3719,14.0,15.4,17.9,20.8,24.0,26.9,29.01,21.06,4.61
성장기,F,14,item_f007,악력(좌),2677,14.8,16.4,19.0,22.0,25.3,28.4,30.52,22.23,4.76
성장기,F,15,item_f007,악력(좌),3850,15.5,17.0,19.7,22.5,25.9,29.1,31.5,22.94,4.97
성장기,F,16,item_f007,악력(좌),4306,16.1,17.6,20.4,23.4,26.6,29.8,32.0,23.65,4.95
성장기,F,17,item_f007,악력(좌),3913,16.2,17.82,20.5,23.6,26.8,30.1,32.04,23.8,4.91
성장기,F,18,item_f007,악력(좌),2012,16.4,18.3,21.1,24.3,27.82,31.4,33.44,24.62,5.27
성장기,F,11,item_f012,앉아윗몸앞으로굽히기,3199,-5.0,-0.1,4.85,9.5,14.5,19.0,21.5,9.26,7.87
성장기,F,12,item_f012,앉아윗몸앞으로굽히기,1564,-6.0,-1.5,4.5,10.0,16.0,21.0,23.98,9.88,8.82
성장기,F,13,item_f012,앉아윗몸앞으로굽히기,3716,-6.0,0.0,6.0,12.3,18.4,23.0,26.0,11.69,9.31
성장기,F,14,item_f012,앉아윗몸앞으로굽히기,2674,-6.0,0.5,6.8,13.4,19.3,24.5,27.0,12.51,9.57
성장기,F,15,item_f012,앉아윗몸앞으로굽히기,3848,-4.8,1.0,8.0,14.7,21.0,26.0,28.0,13.76,9.77
성장기,F,16,item_f012,앉아윗몸앞으로굽히기,4292,-2.6,2.0,8.5,15.4,21.3,26.0,28.2,14.44,9.42
성장기,F,17,item_f012,앉아윗몸앞으로굽히기,3898,-5.0,0.5,7.8,15.0,21.2,26.0,28.31,13.82,10.06
성장기,F,18,item_f012,앉아윗몸앞으로굽히기,2002,-2.69,2.31,9.3,16.0,21.5,25.7,28.4,14.76,9.38
성장기,F,11,item_f022,제자리멀리뛰기,3184,97.0,105.0,118.0,133.0,150.0,165.0,173.0,134.01,23.96
성장기,F,12,item_f022,제자리멀리뛰기,1545,102.0,110.0,124.0,140.0,159.0,175.0,182.0,141.03,24.97
성장기,F,13,item_f022,제자리멀리뛰기,1960,103.0,110.0,125.0,140.0,158.25,175.0,183.0,141.54,24.49
성장기,F,14,item_f022,제자리멀리뛰기,1222,100.0,110.0,125.0,140.5,160.0,175.0,183.0,141.57,25.59
성장기,F,15,item_f022,제자리멀리뛰기,1579,100.0,110.0,126.0,145.0,165.0,180.0,188.0,144.72,28.0
성장기,F,16,item_f022,제자리멀리뛰기,1898,105.0,114.0,130.0,148.0,165.0,180.0,190.0,147.19,25.74
성장기,F,17,item_f022,제자리멀리뛰기,1856,105.0,115.0,130.0,150.0,165.0,180.0,193.0,148.11,26.71
성장기,F,18,item_f022,제자리멀리뛰기,686,104.0,111.0,128.0,149.0,166.75,182.0,192.75,146.95,27.61
성장기,F,11,item_f002,체중,3202,29.11,31.4,36.0,42.05,49.4,57.9,63.5,43.6,10.66
성장기,F,12,item_f002,체중,1564,35.4,37.8,42.2,47.6,54.82,64.0,70.4,49.57,10.88
성장기,F,13,item_f002,체중,3724,38.2,40.6,45.0,50.5,57.6,66.2,72.3,52.38,10.85
성장기,F,14,item_f002,체중,2681,41.42,43.6,47.4,53.1,60.3,68.7,74.8,54.98,10.87
성장기,F,15,item_f002,체중,3856,43.2,45.2,49.0,54.4,61.7,71.7,79.83,56.79,11.5
성장기,F,16,item_f002,체중,4311,43.8,46.1,50.3,56.0,63.0,72.7,80.5,57.96,11.26
성장기,F,17,item_f002,체중,3917,44.68,46.66,50.7,56.0,63.4,72.9,80.3,58.29,11.3
성장기,F,18,item_f002,체중,2012,44.7,46.9,51.58,57.5,64.62,73.4,80.0,59.26,11.32
성장기,F,13,item_f003,체지방률,3723,17.2,19.5,23.6,28.9,33.8,38.3,41.1,28.85,7.39
성장기,F,14,item_f003,체지방률,2680,19.7,21.6,25.6,30.4,35.0,39.5,42.4,30.42,6.9
성장기,F,15,item_f003,체지방률,3850,20.2,22.6,26.6,31.4,35.88,40.3,43.3,31.4,6.96
성장기,F,16,item_f003,체지방률,4299,21.8,23.7,27.6,32.0,36.3,40.8,43.91,32.14,6.59
성장기,F,17,item_f003,체지방률,3904,21.2,23.5,27.2,31.9,36.5,40.9,43.9,32.0,6.82
성장기,F,18,item_f003,체지방률,2006,20.12,22.8,27.12,31.7,36.1,40.25,43.1,31.64,6.84
성장기,M,11,item_f018,BMI,3354,15.2,16.0,17.6,20.5,23.9,26.97,28.6,21.04,4.23
성장기,M,12,item_f018,BMI,1895,15.8,16.6,18.2,21.0,24.5,27.9,29.83,21.7,4.45
성장기,M,13,item_f018,BMI,4559,16.3,17.0,18.5,21.1,24.6,28.3,30.31,21.89,4.38
성장기,M,14,item_f018,BMI,3672,16.5,17.3,18.9,21.4,25.2,29.1,31.64,22.43,4.65
성장기,M,15,item_f018,BMI,4104,17.1,17.9,19.5,22.0,25.5,29.2,31.8,22.88,4.49
성장기,M,16,item_f018,BMI,4573,17.5,18.3,20.1,22.4,25.8,30.1,32.4,23.34,4.54
성장기,M,17,item_f018,BMI,5080,18.0,18.9,20.6,22.9,26.2,30.1,32.7,23.78,4.41
성장기,M,18,item_f018,BMI,4093,18.4,19.3,21.1,23.4,26.4,29.6,31.9,24.02,4.06
성장기,M,11,item_f020,반복점프,3253,16.0,23.0,37.0,54.0,78.0,100.0,105.0,57.78,26.92
성장기,M,12,item_f020,반복점프,1738,12.0,18.0,30.0,52.0,79.0,104.0,106.0,55.25,29.96
성장기,M,13,item_f020,반복점프,4319,12.0,16.0,24.0,36.0,51.0,66.0,73.0,39.05,19.39
성장기,M,14,item_f020,반복점프,3443,14.0,20.0,30.0,43.0,61.0,75.0,86.0,46.36,21.92
성장기,M,15,item_f020,반복점프,3762,16.0,21.0,31.0,45.0,62.0,75.0,83.0,47.34,21.84
성장기,M,16,item_f020,반복점프,4317,12.0,19.0,30.0,44.0,61.0,74.0,80.0,45.44,21.27
성장기,M,17,item_f020,반복점프,4757,11.0,19.0,30.0,44.0,61.0,75.0,81.0,45.51,21.52
성장기,M,18,item_f020,반복점프,3211,12.0,20.0,30.0,43.0,61.0,72.0,80.0,44.89,20.61
성장기,M,11,item_f028,상대악력,3354,25.7,28.9,33.8,40.4,47.3,54.17,58.1,41.01,9.84
성장기,M,12,item_f028,상대악력,1895,28.07,31.24,37.25,44.8,53.25,61.1,65.93,45.65,11.61
성장기,M,13,item_f028,상대악력,4554,31.77,35.7,42.2,50.7,59.3,66.8,71.63,51.05,12.13
성장기,M,14,item_f028,상대악력,3672,35.0,39.0,46.5,55.1,63.6,70.5,74.7,54.93,12.19
성장기,M,15,item_f028,상대악력,4102,37.7,41.8,48.8,57.3,65.8,73.5,78.3,57.43,12.24
성장기,M,16,item_f028,상대악력,4571,38.3,42.3,50.1,58.5,66.75,74.0,79.0,58.35,12.17
성장기,M,17,item_f028,상대악력,5078,39.6,43.57,51.0,59.3,67.38,74.9,79.0,59.21,11.94
성장기,M,18,item_f028,상대악력,4093,40.5,45.0,51.9,59.9,67.7,74.6,79.0,59.79,11.48
성장기,M,11,item_f001,신장,3354,136.6,139.2,143.0,148.0,153.4,158.3,161.6,148.37,7.6
성장기,M,12,item_f001,신장,1895,144.8,147.2,152.0,157.8,163.1,167.96,170.8,157.58,8.1
성장기,M,13,item_f001,신장,4559,149.38,152.58,158.1,163.5,168.5,172.9,175.5,163.12,7.88
성장기,M,14,item_f001,신장,3672,158.3,160.8,165.0,169.3,173.3,177.0,179.5,169.07,6.44
성장기,M,15,item_f001,신장,4104,161.8,164.2,167.7,171.6,175.5,179.0,181.0,171.52,6.0
성장기,M,16,item_f001,신장,4573,163.4,165.4,169.1,173.0,177.0,180.5,182.54,172.98,5.92
성장기,M,17,item_f001,신장,5080,164.0,166.3,169.9,173.5,177.4,181.0,183.0,173.57,5.74
성장기,M,18,item_f001,신장,4093,165.1,167.0,170.3,174.2,178.1,181.6,183.7,174.17,5.77
성장기,M,11,item_f008,악력(우),3350,11.4,12.7,14.9,17.7,20.9,24.1,26.45,18.16,4.68
성장기,M,12,item_f008,악력(우),1895,14.1,16.2,19.2,22.8,27.5,32.1,34.9,23.56,6.33
성장기,M,13,item_f008,악력(우),4541,17.2,19.3,23.4,28.2,33.4,38.9,42.0,28.68,7.55
성장기,M,14,item_f008,악력(우),3669,21.7,24.28,28.6,33.5,38.5,43.7,46.7,33.73,7.67
성장기,M,15,item_f008,악력(우),4093,25.1,27.6,31.9,36.8,41.9,46.9,50.4,37.09,7.79
성장기,M,16,item_f008,악력(우),4565,27.0,29.7,33.9,38.8,44.2,49.3,52.4,39.15,7.76
성장기,M,17,item_f008,악력(우),5074,28.6,31.3,35.7,40.6,45.8,51.0,54.1,40.82,7.78
성장기,M,18,item_f008,악력(우),4091,29.9,32.4,37.2,42.1,47.2,52.1,55.2,42.15,7.79
성장기,M,11,item_f007,악력(좌),3351,10.3,11.7,13.6,16.2,19.3,22.4,24.7,16.74,4.48
성장기,M,12,item_f007,악력(좌),1894,13.1,14.6,17.5,21.0,25.8,29.9,32.33,21.81,5.95
성장기,M,13,item_f007,악력(좌),4544,15.9,17.9,21.6,26.2,31.3,36.1,39.3,26.67,7.13
성장기,M,14,item_f007,악력(좌),3667,20.4,22.6,26.7,31.2,36.0,40.5,43.9,31.47,7.22
성장기,M,15,item_f007,악력(좌),4099,23.4,25.5,29.7,34.2,39.1,43.8,46.9,34.5,7.21
성장기,M,16,item_f007,악력(좌),4564,25.1,27.4,31.4,36.1,40.9,45.57,48.48,36.32,7.26
성장기,M,17,item_f007,악력(좌),5071,26.6,29.3,33.3,37.7,42.4,47.3,50.45,37.97,7.21
성장기,M,18,item_f007,악력(좌),4091,27.4,30.3,34.5,39.3,44.0,48.7,51.7,39.28,7.36
성장기,M,11,item_f012,앉아윗몸앞으로굽히기,3352,-10.0,-6.4,0.0,4.5,9.5,13.3,15.74,4.16,7.63
성장기,M,12,item_f012,앉아윗몸앞으로굽히기,1894,-11.0,-8.0,-1.0,4.5,9.5,13.97,16.87,3.88,8.37
성장기,M,13,item_f012,앉아윗몸앞으로굽히기,4540,-10.0,-6.0,0.3,5.5,10.8,15.8,18.61,5.26,8.44
성장기,M,14,item_f012,앉아윗몸앞으로굽히기,3670,-10.0,-6.0,1.2,7.0,12.8,17.91,20.7,6.57,9.07
성장기,M,15,item_f012,앉아윗몸앞으로굽히기,4094,-10.0,-5.9,2.0,8.2,14.1,19.3,22.2,7.6,9.54
성장기,M,16,item_f012,앉아윗몸앞으로굽히기,4558,-10.0,-5.66,2.0,8.5,15.0,20.6,23.41,8.03,9.97
성장기,M,17,item_f012,앉아윗몸앞으로굽히기,5059,-9.5,-5.0,2.5,9.9,16.0,21.0,24.0,8.83,10.02
성장기,M,18,item_f012,앉아윗몸앞으로굽히기,4088,-8.16,-3.1,4.0,10.8,16.6,21.1,24.0,9.78,9.68
성장기,M,11,item_f022,제자리멀리뛰기,3340,107.0,115.0,131.0,150.0,165.0,180.0,190.0,148.56,25.7
성장기,M,12,item_f022,제자리멀리뛰기,1889,115.0,127.0,145.0,165.0,183.0,200.0,210.0,163.74,28.67
성장기,M,13,item_f022,제자리멀리뛰기,2487,125.0,140.0,157.0,176.0,198.0,212.0,220.0,175.62,29.58
성장기,M,14,item_f022,제자리멀리뛰기,1849,135.0,150.0,170.0,190.0,210.0,225.0,234.6,187.92,30.9
성장기,M,15,item_f022,제자리멀리뛰기,1932,145.0,158.0,180.0,200.0,220.0,235.0,245.0,197.92,30.78
성장기,M,16,item_f022,제자리멀리뛰기,2012,150.0,164.0,185.0,205.0,224.0,240.0,250.0,203.01,31.34
성장기,M,17,item_f022,제자리멀리뛰기,2326,152.0,168.0,190.0,210.0,228.0,244.0,253.0,206.76,31.25
성장기,M,18,item_f022,제자리멀리뛰기,1039,156.0,170.0,190.0,210.0,229.0,246.0,256.1,208.07,30.99
성장기,M,11,item_f002,체중,3354,30.4,32.5,37.4,45.2,54.5,63.2,69.4,46.81,12.23
성장기,M,12,item_f002,체중,1895,35.4,38.2,44.0,52.4,62.9,73.6,79.73,54.38,13.89
성장기,M,13,item_f002,체중,4559,39.3,42.4,48.2,56.5,66.8,78.0,85.7,58.65,14.28
성장기,M,14,item_f002,체중,3672,44.7,47.8,53.3,61.4,73.2,85.79,93.79,64.41,15.03
성장기,M,15,item_f002,체중,4104,48.4,51.2,56.5,64.7,75.6,88.2,96.7,67.48,14.63
성장기,M,16,item_f002,체중,4573,50.2,53.4,59.4,67.2,78.0,91.5,100.84,70.0,14.89
성장기,M,17,item_f002,체중,5080,52.7,55.8,61.5,69.1,79.4,92.3,101.2,71.73,14.26
성장기,M,18,item_f002,체중,4093,54.1,57.5,63.4,71.2,80.4,91.6,99.4,72.97,13.39
성장기,M,13,item_f003,체지방률,4557,8.8,10.5,13.9,20.0,28.8,35.6,39.0,21.73,9.5
성장기,M,14,item_f003,체지방률,3672,9.1,10.5,13.57,18.8,26.92,33.8,37.14,20.71,8.97
성장기,M,15,item_f003,체지방률,4099,9.2,10.7,13.9,18.9,26.4,32.9,36.4,20.51,8.48
성장기,M,16,item_f003,체지방률,4564,9.7,11.2,14.17,19.0,25.8,32.77,36.0,20.57,8.25
성장기,M,17,item_f003,체지방률,5073,9.8,11.2,14.4,19.5,26.3,32.8,36.2,20.91,8.3
성장기,M,18,item_f003,체지방률,4091,9.6,11.1,14.3,19.0,25.0,31.5,34.8,20.24,7.75
어르신,F,65~69,item_f025,2분제자리걷기,3863,73.0,86.0,99.0,110.0,122.5,133.0,141.0,108.99,22.69
어르신,F,70~74,item_f025,2분제자리걷기,3283,61.0,76.0,93.0,106.0,118.0,130.0,136.0,103.47,23.68
어르신,F,75~79,item_f025,2분제자리걷기,2248,42.35,61.0,85.0,100.0,112.0,123.0,129.0,95.29,26.62
어르신,F,80+,item_f025,2분제자리걷기,1469,14.4,27.0,60.0,87.0,103.0,117.0,123.0,79.91,32.78
어르신,F,65~69,item_f026,3m표적돌아오기,4024,4.4,4.62,5.1,5.64,6.37,7.16,7.88,5.86,1.29
어르신,F,70~74,item_f026,3m표적돌아오기,3363,4.64,4.91,5.44,6.12,7.04,8.11,8.94,6.4,1.47
어르신,F,75~79,item_f026,3m표적돌아오기,2288,5.0,5.36,5.98,6.8,8.0,9.58,10.89,7.21,1.88
어르신,F,80+,item_f026,3m표적돌아오기,1501,5.6,6.0,6.88,8.0,9.81,12.13,14.31,8.65,2.58
어르신,F,65~69,item_f024,6분걷기,185,0.0,44.24,515.0,575.0,625.0,651.2,670.0,516.85,190.17
어르신,F,70~74,item_f024,6분걷기,89,0.0,304.8,505.0,550.0,595.0,650.2,669.2,503.58,177.71
어르신,F,75~79,item_f024,6분걷기,33,0.0,1.0,409.0,495.0,544.0,569.0,603.4,416.95,206.61
어르신,F,65~69,item_f027,8자보행,4117,17.36,18.67,20.7,23.2,26.1,29.12,31.72,23.69,4.95
어르신,F,70~74,item_f027,8자보행,3411,18.56,20.05,22.41,25.4,29.0,33.16,36.17,26.22,6.11
어르신,F,75~79,item_f027,8자보행,2306,20.83,22.1,24.9,28.38,33.0,40.0,44.77,29.88,7.72
어르신,F,80+,item_f027,8자보행,1521,23.0,24.91,28.26,33.32,40.28,50.31,57.91,35.53,10.14
어르신,F,65~69,item_f018,BMI,4136,19.9,20.7,22.3,24.2,26.2,28.3,29.9,24.4,3.08
어르신,F,70~74,item_f018,BMI,3446,19.9,21.0,22.5,24.5,26.5,28.6,30.1,24.63,3.08
어르신,F,75~79,item_f018,BMI,2367,19.9,21.1,22.7,24.8,26.8,29.14,30.4,24.9,3.17
어르신,F,80+,item_f018,BMI,1553,19.7,20.7,22.6,24.6,27.0,29.08,30.3,24.86,3.37
어르신,F,65~69,item_f028,상대악력,4139,27.4,30.4,35.2,40.4,45.5,50.6,53.8,40.52,8.0
어르신,F,70~74,item_f028,상대악력,3447,25.7,28.7,33.2,38.5,43.9,48.8,51.9,38.69,8.06
어르신,F,75~79,item_f028,상대악력,2366,22.5,25.6,30.9,36.3,41.6,46.6,50.1,36.35,8.22
어르신,F,80+,item_f028,상대악력,1553,20.7,21.62,27.4,33.4,39.0,44.2,47.4,33.56,8.34
어르신,F,65~69,item_f001,신장,4139,146.29,148.0,151.0,154.3,157.8,160.7,162.4,154.32,5.06
어르신,F,70~74,item_f001,신장,3448,144.9,146.7,149.8,153.0,156.6,159.8,161.6,153.14,5.14
어르신,F,75~79,item_f001,신장,2367,142.3,144.5,148.0,151.6,155.0,158.0,160.27,151.43,5.38
어르신,F,80+,item_f001,신장,1553,139.96,142.0,145.3,149.0,153.0,156.58,158.84,149.15,5.85
어르신,F,65~69,item_f008,악력(우),4134,15.37,17.2,20.0,22.9,25.7,28.2,29.9,22.75,4.46
어르신,F,70~74,item_f008,악력(우),3444,14.0,15.9,18.6,21.6,24.4,26.9,28.8,21.49,4.56
어르신,F,75~79,item_f008,악력(우),2360,11.9,13.7,17.0,20.0,22.9,25.3,26.9,19.83,4.58
어르신,F,80+,item_f008,악력(우),1547,9.0,10.7,14.3,17.6,21.0,23.9,25.2,17.55,4.93
어르신,F,65~69,item_f007,악력(좌),4136,14.5,16.2,18.8,21.7,24.3,26.7,28.1,21.48,4.27
어르신,F,70~74,item_f007,악력(좌),3444,12.8,14.6,17.48,20.3,23.0,25.7,27.6,20.24,4.49
어르신,F,75~79,item_f007,악력(좌),2357,10.8,12.7,15.8,18.8,21.8,24.3,25.7,18.74,4.59
어르신,F,80+,item_f007,악력(좌),1551,8.2,10.0,13.2,16.5,19.7,22.4,24.1,16.44,4.8
어르신,F,65~69,item_f012,앉아윗몸앞으로굽히기,4030,1.65,5.1,10.3,15.5,20.0,23.5,25.45,14.74,7.46
어르신,F,70~74,item_f012,앉아윗몸앞으로굽히기,3371,0.45,4.0,9.3,14.2,19.0,22.7,24.85,13.63,7.61
어르신,F,75~79,item_f012,앉아윗몸앞으로굽히기,2293,-3.0,1.3,7.0,12.3,17.0,21.0,23.24,11.53,8.08
어르신,F,80+,item_f012,앉아윗몸앞으로굽히기,1504,-5.68,-1.2,4.0,9.2,14.5,18.77,21.0,8.83,8.14
어르신,F,65~69,item_f023,의자앉았다일어서기,4054,12.0,14.0,17.0,20.0,25.0,30.0,32.0,20.94,6.16
어르신,F,70~74,item_f023,의자앉았다일어서기,3376,11.0,12.0,15.0,19.0,23.0,27.0,30.0,19.23,6.06
어르신,F,75~79,item_f023,의자앉았다일어서기,2297,9.0,10.0,13.0,17.0,20.0,25.0,28.0,17.12,5.85
어르신,F,80+,item_f023,의자앉았다일어서기,1500,7.0,9.0,11.0,14.0,18.0,22.0,24.05,14.81,5.32
어르신,F,65~69,item_f002,체중,4139,46.3,48.8,52.91,57.4,62.8,68.2,72.21,58.15,7.91
어르신,F,70~74,item_f002,체중,3448,46.3,48.6,52.4,57.1,62.73,67.9,71.26,57.78,7.77
어르신,F,75~79,item_f002,체중,2367,44.8,47.3,51.94,56.8,61.9,66.96,70.44,57.12,7.89
어르신,F,80+,item_f002,체중,1553,42.56,45.0,49.6,54.8,60.8,66.8,70.0,55.38,8.47
어르신,F,65~69,item_f003,체지방률,4103,23.2,25.8,30.2,34.3,38.1,41.48,43.6,33.96,6.22
어르신,F,70~74,item_f003,체지방률,3430,23.5,26.3,30.6,35.0,38.7,42.0,44.35,34.47,6.41
어르신,F,75~79,item_f003,체지방률,2349,24.2,27.0,31.4,35.9,39.9,43.6,46.2,35.43,6.77
어르신,F,80+,item_f003,체지방률,1535,23.2,26.44,31.8,36.3,40.6,44.46,47.16,35.85,6.94
어르신,M,65~69,item_f025,2분제자리걷기,2789,89.0,97.0,107.0,119.0,129.0,140.0,148.0,117.8,19.91
어르신,M,70~74,item_f025,2분제자리걷기,2351,79.0,90.0,101.0,113.0,125.0,137.0,144.0,112.14,21.25
어르신,M,75~79,item_f025,2분제자리걷기,1783,67.1,82.0,96.0,108.0,119.0,130.0,137.0,105.77,22.99
어르신,M,80+,item_f025,2분제자리걷기,1012,35.0,56.1,84.0,100.0,112.0,123.0,130.0,94.68,28.15
어르신,M,65~69,item_f026,3m표적돌아오기,2848,3.98,4.18,4.54,5.02,5.69,6.4,6.95,5.21,1.02
어르신,M,70~74,item_f026,3m표적돌아오기,2396,4.16,4.4,4.9,5.43,6.22,7.17,7.86,5.7,1.33
어르신,M,75~79,item_f026,3m표적돌아오기,1805,4.43,4.74,5.23,5.91,6.91,8.15,9.12,6.29,1.71
어르신,M,80+,item_f026,3m표적돌아오기,1033,4.89,5.13,5.78,6.8,8.3,10.2,11.77,7.35,2.3
어르신,M,65~69,item_f024,6분걷기,91,0.0,0.0,544.75,625.0,675.0,720.0,730.5,542.28,232.58
어르신,M,70~74,item_f024,6분걷기,64,43.65,423.5,518.75,615.0,658.5,688.5,699.1,560.63,170.68
어르신,M,75~79,item_f024,6분걷기,30,0.0,0.0,471.25,577.5,637.5,675.5,682.75,489.1,236.29
어르신,M,65~69,item_f027,8자보행,2895,15.81,16.91,18.55,20.7,23.57,26.96,28.96,21.39,4.46
어르신,M,70~74,item_f027,8자보행,2419,17.16,18.21,20.28,22.8,26.06,30.02,32.8,23.66,5.53
어르신,M,75~79,item_f027,8자보행,1811,18.5,19.8,21.93,24.97,29.32,33.96,38.52,26.26,6.85
어르신,M,80+,item_f027,8자보행,1034,20.41,21.55,24.79,29.0,34.58,41.45,48.14,30.7,8.87
어르신,M,65~69,item_f018,BMI,2898,20.0,21.1,22.82,24.5,26.3,28.0,29.2,24.55,2.73
어르신,M,70~74,item_f018,BMI,2438,20.3,21.1,22.8,24.4,26.3,27.9,29.1,24.54,2.79
어르신,M,75~79,item_f018,BMI,1843,19.6,20.5,22.4,24.2,26.1,27.7,28.8,24.24,2.82
어르신,M,80+,item_f018,BMI,1058,19.2,20.2,21.8,23.7,25.6,27.3,28.31,23.73,2.9
어르신,M,65~69,item_f028,상대악력,2907,40.3,44.56,49.6,55.2,61.3,67.2,70.7,55.46,9.19
어르신,M,70~74,item_f028,상대악력,2441,37.9,41.1,46.5,52.6,58.9,65.1,68.8,52.8,9.41
어르신,M,75~79,item_f028,상대악력,1843,34.71,37.8,43.7,50.1,55.75,61.4,65.1,49.81,9.31
어르신,M,80+,item_f028,상대악력,1058,28.68,33.07,39.1,46.15,52.8,59.6,62.7,46.08,10.18
어르신,M,65~69,item_f001,신장,2907,158.4,160.1,163.6,167.1,170.9,174.1,176.07,167.13,5.53
어르신,M,70~74,item_f001,신장,2441,156.6,158.7,162.0,165.8,169.8,172.7,174.7,165.68,6.06
어르신,M,75~79,item_f001,신장,1844,155.7,157.6,161.1,164.6,168.72,172.2,174.08,164.75,5.83
어르신,M,80+,item_f001,신장,1058,152.77,155.67,159.2,163.0,167.0,170.7,173.41,162.97,6.23
어르신,M,65~69,item_f008,악력(우),2904,25.82,28.6,33.1,37.0,41.1,45.1,47.5,36.94,6.58
어르신,M,70~74,item_f008,악력(우),2438,23.68,26.5,30.4,34.6,38.7,42.23,44.3,34.46,6.27
어르신,M,75~79,item_f008,악력(우),1841,21.3,23.8,27.7,31.9,35.7,39.4,41.6,31.61,6.21
어르신,M,80+,item_f008,악력(우),1057,16.7,19.36,23.5,28.6,32.5,36.4,38.7,28.13,6.73
어르신,M,65~69,item_f007,악력(좌),2904,24.4,27.53,31.4,35.4,39.6,43.5,46.0,35.4,6.49
어르신,M,70~74,item_f007,악력(좌),2437,22.98,25.16,29.1,33.1,37.0,40.3,42.7,32.98,6.11
어르신,M,75~79,item_f007,악력(좌),1841,20.4,22.7,26.5,30.4,34.3,37.5,39.9,30.26,6.12
어르신,M,80+,item_f007,악력(좌),1057,15.1,18.0,22.3,27.1,31.0,34.7,37.0,26.58,6.66
어르신,M,65~69,item_f012,앉아윗몸앞으로굽히기,2852,-8.64,-4.0,2.3,7.9,13.0,17.2,19.4,7.22,8.4
어르신,M,70~74,item_f012,앉아윗몸앞으로굽히기,2397,-10.0,-7.0,0.1,5.8,11.4,16.1,18.92,5.28,8.85
어르신,M,75~79,item_f012,앉아윗몸앞으로굽히기,1806,-14.62,-9.0,-2.1,3.95,9.5,14.5,18.18,3.27,9.27
어르신,M,80+,item_f012,앉아윗몸앞으로굽히기,1033,-17.7,-13.0,-6.0,1.3,7.5,12.7,16.0,0.56,9.75
어르신,M,65~69,item_f023,의자앉았다일어서기,2867,14.3,17.0,20.0,25.0,29.0,32.0,34.0,24.61,6.25
어르신,M,70~74,item_f023,의자앉았다일어서기,2404,13.0,15.0,18.0,22.0,27.0,31.0,33.0,22.6,6.22
어르신,M,75~79,item_f023,의자앉았다일어서기,1810,11.0,13.0,16.0,20.0,25.0,28.1,31.0,20.24,6.18
어르신,M,80+,item_f023,의자앉았다일어서기,1035,8.0,10.0,13.0,17.0,21.0,26.0,29.0,17.36,6.36
어르신,M,65~69,item_f002,체중,2907,54.63,57.6,62.9,68.2,74.0,79.9,83.94,68.66,8.79
어르신,M,70~74,item_f002,체중,2441,54.0,56.86,61.5,67.04,72.8,78.7,82.7,67.44,8.83
어르신,M,75~79,item_f002,체중,1844,51.71,54.8,60.0,65.8,71.5,77.0,80.68,65.88,8.8
어르신,M,80+,item_f002,체중,1058,48.94,52.07,56.9,62.9,68.79,74.8,78.31,63.12,9.09
어르신,M,65~69,item_f003,체지방률,2885,15.0,17.2,20.8,24.9,29.0,32.92,35.1,24.96,6.17
어르신,M,70~74,item_f003,체지방률,2425,15.52,17.8,21.8,26.0,30.0,34.16,36.3,25.92,6.41
어르신,M,75~79,item_f003,체지방률,1832,15.6,18.5,22.3,26.9,31.4,34.9,37.09,26.76,6.63
어르신,M,80+,item_f003,체지방률,1055,16.07,18.6,22.9,27.5,31.7,36.0,38.66,27.36,6.8
